{"name":"ac2723ba-8406-4cbb-b686-298166c70489","id":"/providers/Microsoft.Flow/flows/ac2723ba-8406-4cbb-b686-298166c70489","type":"Microsoft.Flow/flows","properties":{"apiId":"/providers/Microsoft.PowerApps/apis/shared_logicflows","displayName":"Automatizacion de Tareas","definition":{"metadata":{"workflowEntityId":null,"processAdvisorMetadata":null,"flowChargedByPaygo":null,"flowclientsuspensionreason":"None","flowclientsuspensiontime":null,"flowclientsuspensionreasondetails":null,"creator":{"id":"3eadd22f-e49e-4b15-b000-aa5b3dcfe454","type":"User","tenantId":"3bf0f703-06e1-46f4-906a-7ca18dcb2517"},"provisioningMethod":"FromDefinition","failureAlertSubscription":true,"clientLastModifiedTime":"2026-02-11T21:10:39.0832045Z","connectionKeySavedTimeKey":"2026-02-11T21:10:39.0832045Z","creationSource":"Portal","modifiedSources":"Portal"},"$schema":"https://schema.management.azure.com/providers/Microsoft.Logic/schemas/2016-06-01/workflowdefinition.json#","contentVersion":"1.0.0.0","parameters":{"$authentication":{"defaultValue":{},"type":"SecureObject"},"$connections":{"defaultValue":{},"type":"Object"}},"triggers":{"Cuando_llega_un_nuevo_correo_electrónico_(V3)":{"splitOn":"@triggerOutputs()?['body/value']","metadata":{"Id::AAMkAGRmZGFkNzc4LTUzYzEtNDFlYi1iZDExLTYyMmRjZjk2M2U5ZgAuAAAAAAALvJRd7KfkR42pEI0U32K7AQDG1tdIqrzPQYxLBPV2pfijAAAAAAEMAAA=":"Bandeja de entrada"},"type":"OpenApiConnectionNotification","inputs":{"parameters":{"includeAttachments":true,"subjectFilter":"Reportes Mensual","fetchOnlyWithAttachment":true,"folderPath":"Id::AAMkAGRmZGFkNzc4LTUzYzEtNDFlYi1iZDExLTYyMmRjZjk2M2U5ZgAuAAAAAAALvJRd7KfkR42pEI0U32K7AQDG1tdIqrzPQYxLBPV2pfijAAAAAAEMAAA="},"host":{"apiId":"/providers/Microsoft.PowerApps/apis/shared_office365","connectionName":"shared_office365","operationId":"OnNewEmailV3"},"authentication":"@parameters('$authentication')"}}},"actions":{"Aplicar_a_cada_uno":{"foreach":"@triggerOutputs()?['body/attachments']","actions":{"Crear_archivo":{"type":"OpenApiConnection","inputs":{"parameters":{"folderPath":"/Registros","name":"@items('Aplicar_a_cada_uno')?['name']\r\n","body":"@items('Aplicar_a_cada_uno')"},"host":{"apiId":"/providers/Microsoft.PowerApps/apis/shared_onedriveforbusiness","connectionName":"shared_onedriveforbusiness","operationId":"CreateFile"},"authentication":"@parameters('$authentication')"},"runtimeConfiguration":{"contentTransfer":{"transferMode":"Chunked"}}}},"runAfter":{},"type":"Foreach"},"Agregar_una_fila_a_una_tabla":{"runAfter":{"Aplicar_a_cada_uno":["Succeeded"]},"metadata":{"01AXVGKVBVR3KBRSF3V5C26YVE6JUQ6GFG":"/Registros/Registors Correosxlsx.xlsx","tableId":"{F0415D23-2C25-45CE-B464-56C3D7443247}"},"type":"OpenApiConnection","inputs":{"parameters":{"source":"me","drive":"b!dPPWaRpqCke_IJDEUxJcH5oS1TNC3ltAhS_QFQZaYH78bV0UXlFpT4NqOGk43ehE","file":"01AXVGKVBVR3KBRSF3V5C26YVE6JUQ6GFG","table":"{F0415D23-2C25-45CE-B464-56C3D7443247}","item/Remitente":"@triggerOutputs()?['body/from']","item/Fecha ":"@formatDateTime(triggerOutputs()?['body/receivedDateTime'], 'dd-MM-yyyy')","item/Asunto":"@triggerOutputs()?['body/subject']"},"host":{"apiId":"/providers/Microsoft.PowerApps/apis/shared_excelonlinebusiness","connectionName":"shared_excelonlinebusiness","operationId":"AddRowV2"},"authentication":"@parameters('$authentication')"}}},"outputs":{}},"connectionReferences":{"shared_office365":{"connectionName":"shared-office365-dad0d93a-f05c-4b83-afc3-a0ac7cfa8b6a","source":"Embedded","id":"/providers/Microsoft.PowerApps/apis/shared_office365","tier":"NotSpecified","apiName":"office365","isProcessSimpleApiReferenceConversionAlreadyDone":false},"shared_onedriveforbusiness":{"connectionName":"721f1d35c97b4b3fb4923a19dd67b1a4","source":"Embedded","id":"/providers/Microsoft.PowerApps/apis/shared_onedriveforbusiness","tier":"NotSpecified","apiName":"onedriveforbusiness","isProcessSimpleApiReferenceConversionAlreadyDone":false},"shared_excelonlinebusiness":{"connectionName":"shared-excelonlinebu-9b671e32-e7ff-4980-b1ac-3c8b7bc305c6","source":"Embedded","id":"/providers/Microsoft.PowerApps/apis/shared_excelonlinebusiness","tier":"NotSpecified","apiName":"excelonlinebusiness","isProcessSimpleApiReferenceConversionAlreadyDone":false}},"flowFailureAlertSubscribed":false,"isManaged":false}}